plate	well	limited_aa	parental	initiation_variant	pausecodon	pauselocation	codon_variant	replicate	strain_id	strain_label	comment
1	B2	ser	yfp13	NA	TCG	2	Ser28TCG	1	ecMF404.1	yfp13_wt-initiation_Ser28TCG	
1	B3	ser	yfp13	NA	TCG	3	Ser30TCG	1	ecMF405.1	yfp13_wt-initiation_Ser30TCG	
1	B4	ser	yfp13	wt	TCG	4	Ser86TCG	1	ecMF406.1	yfp13_wt-initiation_Ser86TCG	
1	B5	ser	yfp13	wt	TCG	5	Ser147TCG	1	ecMF407.1	yfp13_wt-initiation_Ser147TCG	
1	B6	ser	yfp13	wt	TCG	6	Ser202TCG	1	ecMF408.1	yfp13_wt-initiation_Ser202TCG	
1	B7	ser	yfp13	NA	TCG	7	Ser205TCG	1	ecMF409.1	yfp13_wt-initiation_Ser205TCG	
1	B8	ser	yfp13	NA	TCG	8	Ser208TCG	1	ecMF410.1	yfp13_wt-initiation_Ser208TCG	
1	B9	ser	yfp13	wt	NA	NA	wt	1	ecMF411.1	yfp13_wt-initiation_wt	
1	B10	ser	yfp17	NA	TCG	2,3,4,5,6,7,8	allTCG	1	ecMF412.1	yfp17_wt-initiation_allTCG	
1	B11	ser	yfp13	NA	TCG	2,5	Ser28-147TCG	1	ecMF413.1	yfp13_wt-initiation_Ser28-147TCG	BAD
1	E2	ser	yfp13	NA	TCG	2,6	Ser28-202TCG	1	ecMF414.1	yfp13_wt-initiation_Ser28-202TCG	
1	E3	ser	yfp13	NA	TCG	2,7	Ser28-205TCG	1	ecMF415.1	yfp13_wt-initiation_Ser28-205TCG	
1	E4	ser	yfp13	NA	TCG	3,5	Ser30-147TCG	1	ecMF416.1	yfp13_wt-initiation_Ser30-147TCG	
1	E5	ser	yfp13	NA	TCG	3,6	Ser30-202TCG	1	ecMF417.1	yfp13_wt-initiation_Ser30-202TCG	
1	E6	ser	yfp13	NA	TCG	3,7	Ser30-205TCG	1	ecMF418.1	yfp13_wt-initiation_Ser30-205TCG	
1	E7	ser	yfp13	NA	TCG	4,5	Ser86-147TCG	1	ecMF419.1	yfp13_wt-initiation_Ser86-147TCG	
1	E8	ser	yfp13	NA	TCG	4,6	Ser86-202TCG	1	ecMF420.1	yfp13_wt-initiation_Ser86-202TCG	
1	E9	ser	yfp13	NA	TCG	4,7	Ser86-205TCG	1	ecMF421.1	yfp13_wt-initiation_Ser86-205TCG	
1	E10	ser	yfp13	TTG	NA	NA	wt	1	ecMF422.1	yfp13_TTG-initiation_wt	
1	E11	ser	yfp13	TTG	TCG	4	Ser86TCG	1	ecMF423.1	yfp13_TTG-initiation_Ser86TCG	
2	B3	ser	yfp13	TTG	TCG	5	Ser147TCG	1	ecMF424.1	yfp13_TTG-initiation_Ser147TCG	
2	B4	ser	yfp13	TTG	TCG	6	Ser202TCG	1	ecMF425.1	yfp13_TTG-initiation_Ser202TCG	
2	B5	ser	yfp13	ATC	NA	NA	wt	1	ecMF426.1	yfp13_ATC-initiation_wt	
2	B6	ser	yfp13	ATC	TCG	4	Ser86TCG	1	ecMF427.1	yfp13_ATC-initiation_Ser86TCG	
2	B7	ser	yfp13	ATC	TCG	5	Ser147TCG	1	ecMF428.1	yfp13_ATC-initiation_Ser147TCG	
2	B8	ser	yfp13	ATC	TCG	6	Ser202TCG	1	ecMF429.1	yfp13_ATC-initiation_Ser202TCG	
2	B9	ser	yfp13	RBS2	NA	NA	wt	1	ecMF430.1	yfp13_RBS2-initiation_wt	
2	E3	ser	yfp13	RBS2	TCG	4	Ser86TCG	1	ecMF431.1	yfp13_RBS2-initiation_Ser86TCG	
2	E4	ser	yfp13	RBS2	TCG	5	Ser147TCG	1	ecMF432.1	yfp13_RBS2-initiation_Ser147TCG	
2	E5	ser	yfp13	RBS2	TCG	6	Ser202TCG	1	ecMF433.1	yfp13_RBS2-initiation_Ser202TCG	
2	E6	ser	yfp13	RBS4	NA	NA	wt	1	ecMF434.1	yfp13_RBS4-initiation_wt	
2	E7	ser	yfp13	RBS4	TCG	4	Ser86TCG	1	ecMF435.1	yfp13_RBS4-initiation_Ser86TCG	
2	E8	ser	yfp13	RBS4	TCG	5	Ser147TCG	1	ecMF436.1	yfp13_RBS4-initiation_Ser147TCG	BAD
2	E9	ser	yfp13	RBS4	TCG	6	Ser202TCG	1	ecMF437.1	yfp13_RBS4-initiation_Ser202TCG	
1	C2	ser	yfp13	NA	TCG	2	Ser28TCG	2	ecMF404.2	yfp13_wt-initiation_Ser28TCG	
1	C3	ser	yfp13	NA	TCG	3	Ser30TCG	2	ecMF405.2	yfp13_wt-initiation_Ser30TCG	
1	C4	ser	yfp13	wt	TCG	4	Ser86TCG	2	ecMF406.2	yfp13_wt-initiation_Ser86TCG	
1	C5	ser	yfp13	wt	TCG	5	Ser147TCG	2	ecMF407.2	yfp13_wt-initiation_Ser147TCG	
1	C6	ser	yfp13	wt	TCG	6	Ser202TCG	2	ecMF408.2	yfp13_wt-initiation_Ser202TCG	
1	C7	ser	yfp13	NA	TCG	7	Ser205TCG	2	ecMF409.2	yfp13_wt-initiation_Ser205TCG	
1	C8	ser	yfp13	NA	TCG	8	Ser208TCG	2	ecMF410.2	yfp13_wt-initiation_Ser208TCG	
1	C9	ser	yfp13	wt	NA	NA	wt	2	ecMF411.2	yfp13_wt-initiation_wt	BAD
1	C10	ser	yfp17	NA	TCG	2,3,4,5,6,7,8	allTCG	2	ecMF412.2	yfp17_wt-initiation_allTCG	
1	C11	ser	yfp13	NA	TCG	2,5	Ser28-147TCG	2	ecMF413.2	yfp13_wt-initiation_Ser28-147TCG	
1	F2	ser	yfp13	NA	TCG	2,6	Ser28-202TCG	2	ecMF414.2	yfp13_wt-initiation_Ser28-202TCG	
1	F3	ser	yfp13	NA	TCG	2,7	Ser28-205TCG	2	ecMF415.2	yfp13_wt-initiation_Ser28-205TCG	
1	F4	ser	yfp13	NA	TCG	3,5	Ser30-147TCG	2	ecMF416.2	yfp13_wt-initiation_Ser30-147TCG	
1	F5	ser	yfp13	NA	TCG	3,6	Ser30-202TCG	2	ecMF417.2	yfp13_wt-initiation_Ser30-202TCG	
1	F6	ser	yfp13	NA	TCG	3,7	Ser30-205TCG	2	ecMF418.2	yfp13_wt-initiation_Ser30-205TCG	
1	F7	ser	yfp13	NA	TCG	4,5	Ser86-147TCG	2	ecMF419.2	yfp13_wt-initiation_Ser86-147TCG	
1	F8	ser	yfp13	NA	TCG	4,6	Ser86-202TCG	2	ecMF420.2	yfp13_wt-initiation_Ser86-202TCG	
1	F9	ser	yfp13	NA	TCG	4,7	Ser86-205TCG	2	ecMF421.2	yfp13_wt-initiation_Ser86-205TCG	
1	F10	ser	yfp13	TTG	NA	NA	wt	2	ecMF422.2	yfp13_TTG-initiation_wt	
1	F11	ser	yfp13	TTG	TCG	4	Ser86TCG	2	ecMF423.2	yfp13_TTG-initiation_Ser86TCG	
2	C3	ser	yfp13	TTG	TCG	5	Ser147TCG	2	ecMF424.2	yfp13_TTG-initiation_Ser147TCG	
2	C4	ser	yfp13	TTG	TCG	6	Ser202TCG	2	ecMF425.2	yfp13_TTG-initiation_Ser202TCG	
2	C5	ser	yfp13	ATC	NA	NA	wt	2	ecMF426.2	yfp13_ATC-initiation_wt	
2	C6	ser	yfp13	ATC	TCG	4	Ser86TCG	2	ecMF427.2	yfp13_ATC-initiation_Ser86TCG	
2	C7	ser	yfp13	ATC	TCG	5	Ser147TCG	2	ecMF428.2	yfp13_ATC-initiation_Ser147TCG	
2	C8	ser	yfp13	ATC	TCG	6	Ser202TCG	2	ecMF429.2	yfp13_ATC-initiation_Ser202TCG	
2	C9	ser	yfp13	RBS2	NA	NA	wt	2	ecMF430.2	yfp13_RBS2-initiation_wt	
2	F3	ser	yfp13	RBS2	TCG	4	Ser86TCG	2	ecMF431.2	yfp13_RBS2-initiation_Ser86TCG	
2	F4	ser	yfp13	RBS2	TCG	5	Ser147TCG	2	ecMF432.2	yfp13_RBS2-initiation_Ser147TCG	
2	F5	ser	yfp13	RBS2	TCG	6	Ser202TCG	2	ecMF433.2	yfp13_RBS2-initiation_Ser202TCG	
2	F6	ser	yfp13	RBS4	NA	NA	wt	2	ecMF434.2	yfp13_RBS4-initiation_wt	
2	F7	ser	yfp13	RBS4	TCG	4	Ser86TCG	2	ecMF435.2	yfp13_RBS4-initiation_Ser86TCG	
2	F8	ser	yfp13	RBS4	TCG	5	Ser147TCG	2	ecMF436.2	yfp13_RBS4-initiation_Ser147TCG	
2	F9	ser	yfp13	RBS4	TCG	6	Ser202TCG	2	ecMF437.2	yfp13_RBS4-initiation_Ser202TCG	
1	D2	ser	yfp13	NA	TCG	2	Ser28TCG	3	ecMF404.3	yfp13_wt-initiation_Ser28TCG	
1	D3	ser	yfp13	NA	TCG	3	Ser30TCG	3	ecMF405.3	yfp13_wt-initiation_Ser30TCG	
1	D4	ser	yfp13	wt	TCG	4	Ser86TCG	3	ecMF406.3	yfp13_wt-initiation_Ser86TCG	
1	D5	ser	yfp13	wt	TCG	5	Ser147TCG	3	ecMF407.3	yfp13_wt-initiation_Ser147TCG	
1	D6	ser	yfp13	wt	TCG	6	Ser202TCG	3	ecMF408.3	yfp13_wt-initiation_Ser202TCG	
1	D7	ser	yfp13	NA	TCG	7	Ser205TCG	3	ecMF409.3	yfp13_wt-initiation_Ser205TCG	
1	D8	ser	yfp13	NA	TCG	8	Ser208TCG	3	ecMF410.3	yfp13_wt-initiation_Ser208TCG	
1	D9	ser	yfp13	wt	NA	NA	wt	3	ecMF411.3	yfp13_wt-initiation_wt	
1	D10	ser	yfp17	NA	TCG	2,3,4,5,6,7,8	allTCG	3	ecMF412.3	yfp17_wt-initiation_allTCG	
1	D11	ser	yfp13	NA	TCG	2,5	Ser28-147TCG	3	ecMF413.3	yfp13_wt-initiation_Ser28-147TCG	
1	G2	ser	yfp13	NA	TCG	2,6	Ser28-202TCG	3	ecMF414.3	yfp13_wt-initiation_Ser28-202TCG	
1	G3	ser	yfp13	NA	TCG	2,7	Ser28-205TCG	3	ecMF415.3	yfp13_wt-initiation_Ser28-205TCG	
1	G4	ser	yfp13	NA	TCG	3,5	Ser30-147TCG	3	ecMF416.3	yfp13_wt-initiation_Ser30-147TCG	BAD
1	G5	ser	yfp13	NA	TCG	3,6	Ser30-202TCG	3	ecMF417.3	yfp13_wt-initiation_Ser30-202TCG	
1	G6	ser	yfp13	NA	TCG	3,7	Ser30-205TCG	3	ecMF418.3	yfp13_wt-initiation_Ser30-205TCG	
1	G7	ser	yfp13	NA	TCG	4,5	Ser86-147TCG	3	ecMF419.3	yfp13_wt-initiation_Ser86-147TCG	
1	G8	ser	yfp13	NA	TCG	4,6	Ser86-202TCG	3	ecMF420.3	yfp13_wt-initiation_Ser86-202TCG	
1	G9	ser	yfp13	NA	TCG	4,7	Ser86-205TCG	3	ecMF421.3	yfp13_wt-initiation_Ser86-205TCG	
1	G10	ser	yfp13	TTG	NA	NA	wt	3	ecMF422.3	yfp13_TTG-initiation_wt	
1	G11	ser	yfp13	TTG	TCG	4	Ser86TCG	3	ecMF423.3	yfp13_TTG-initiation_Ser86TCG	
2	D3	ser	yfp13	TTG	TCG	5	Ser147TCG	3	ecMF424.3	yfp13_TTG-initiation_Ser147TCG	
2	D4	ser	yfp13	TTG	TCG	6	Ser202TCG	3	ecMF425.3	yfp13_TTG-initiation_Ser202TCG	
2	D5	ser	yfp13	ATC	NA	NA	wt	3	ecMF426.3	yfp13_ATC-initiation_wt	
2	D6	ser	yfp13	ATC	TCG	4	Ser86TCG	3	ecMF427.3	yfp13_ATC-initiation_Ser86TCG	
2	D7	ser	yfp13	ATC	TCG	5	Ser147TCG	3	ecMF428.3	yfp13_ATC-initiation_Ser147TCG	
2	D8	ser	yfp13	ATC	TCG	6	Ser202TCG	3	ecMF429.3	yfp13_ATC-initiation_Ser202TCG	
2	D9	ser	yfp13	RBS2	NA	NA	wt	3	ecMF430.3	yfp13_RBS2-initiation_wt	
2	G3	ser	yfp13	RBS2	TCG	4	Ser86TCG	3	ecMF431.3	yfp13_RBS2-initiation_Ser86TCG	
2	G4	ser	yfp13	RBS2	TCG	5	Ser147TCG	3	ecMF432.3	yfp13_RBS2-initiation_Ser147TCG	
2	G5	ser	yfp13	RBS2	TCG	6	Ser202TCG	3	ecMF433.3	yfp13_RBS2-initiation_Ser202TCG	
2	G6	ser	yfp13	RBS4	NA	NA	wt	3	ecMF434.3	yfp13_RBS4-initiation_wt	
2	G7	ser	yfp13	RBS4	TCG	4	Ser86TCG	3	ecMF435.3	yfp13_RBS4-initiation_Ser86TCG	
2	G8	ser	yfp13	RBS4	TCG	5	Ser147TCG	3	ecMF436.3	yfp13_RBS4-initiation_Ser147TCG	
2	G9	ser	yfp13	RBS4	TCG	6	Ser202TCG	3	ecMF437.3	yfp13_RBS4-initiation_Ser202TCG	
3	B2	leu	yfp0	NA	CTA	2	CTA2	1	ecMF62.1	yfp0_wt-initiation_CTA2	
3	B3	leu	yfp0	NA	CTA	6	CTA6	1	ecMF66.1	yfp0_wt-initiation_CTA6	
3	B4	leu	yfp0	NA	CTA	10	CTA10	1	ecMF68.1	yfp0_wt-initiation_CTA10	
3	B5	leu	yfp0	NA	CTA	14	CTA14	1	ecMF72.1	yfp0_wt-initiation_CTA14	
3	B6	leu	yfp0	NA	CTA	18	CTA18	1	ecMF74.1	yfp0_wt-initiation_CTA18	
3	B7	leu	yfp0	NA	NA	NA	wt	1	ecMF82.1	yfp0_wt-initiation_wt	
3	B8	leu	yfp0	NA	CTA	2,14	CTA2-14	1	ecMF83.1	yfp0_wt-initiation_CTA2-14	
3	B9	leu	yfp0	NA	CTA	2,18	CTA2-18	1	ecMF84.1	yfp0_wt-initiation_CTA2-18	
3	B10	leu	yfp0	NA	CTA	6,14	CTA6-14	1	ecMF85.1	yfp0_wt-initiation_CTA6-14	
3	B11	leu	yfp0	NA	CTA	6,18	CTA6-18	1	ecMF86.1	yfp0_wt-initiation_CTA6-18	
3	E2	leu	yfp0	NA	CTA	10,14	CTA10-14	1	ecMF87.1	yfp0_wt-initiation_CTA10-14	
3	E3	leu	yfp0	NA	CTA	10,18	CTA10-18	1	ecMF88.1	yfp0_wt-initiation_CTA10-18	
3	E4	leu	yfp0	NA	CTA	2,6	CTA2-6	1	ecMF89.1	yfp0_wt-initiation_CTA2-6	
3	E5	leu	yfp0	NA	CTA	14,18	CTA14-18	1	ecMF90.1	yfp0_wt-initiation_CTA14-18	
3	E6	leu	yfp0	NA	CTA	2,10	CTA2-10	1	ecMF91.1	yfp0_wt-initiation_CTA2-10	
3	E7	leu	yfp0	NA	CTA	6,10	CTA6-10	1	ecMF92.1	yfp0_wt-initiation_CTA6-10	
3	E8	leu	yfp0	NA	CTA	4,5,6,7,8,9,10	CTA4to10	1	ecMF112.1	yfp0_wt-initiation_CTA4to10	
3	E9	leu	yfp0	NA	CTA	6,10,14	CTA6-10-14	1	ecMF438.1	yfp0_wt-initiation_CTA6-10-14	
3	E10	leu	yfp0	NA	CTA	6,10,18	CTA6-10-18	1	ecMF439.1	yfp0_wt-initiation_CTA6-10-18	
3	E11	leu	yfp0	NA	CTA	6,10,14,18	CTA6-10-14-18	1	ecMF440.1	yfp0_wt-initiation_CTA6-10-14-18	
3	C2	leu	yfp0	NA	CTA	2	CTA2	2	ecMF62.2	yfp0_wt-initiation_CTA2	
3	C3	leu	yfp0	NA	CTA	6	CTA6	2	ecMF66.2	yfp0_wt-initiation_CTA6	
3	C4	leu	yfp0	NA	CTA	10	CTA10	2	ecMF68.2	yfp0_wt-initiation_CTA10	
3	C5	leu	yfp0	NA	CTA	14	CTA14	2	ecMF72.2	yfp0_wt-initiation_CTA14	
3	C6	leu	yfp0	NA	CTA	18	CTA18	2	ecMF74.2	yfp0_wt-initiation_CTA18	
3	C7	leu	yfp0	NA	NA	NA	wt	2	ecMF82.2	yfp0_wt-initiation_wt	
3	C8	leu	yfp0	NA	CTA	2,14	CTA2-14	2	ecMF83.2	yfp0_wt-initiation_CTA2-14	
3	C9	leu	yfp0	NA	CTA	2,18	CTA2-18	2	ecMF84.2	yfp0_wt-initiation_CTA2-18	
3	C10	leu	yfp0	NA	CTA	6,14	CTA6-14	2	ecMF85.2	yfp0_wt-initiation_CTA6-14	
3	C11	leu	yfp0	NA	CTA	6,18	CTA6-18	2	ecMF86.2	yfp0_wt-initiation_CTA6-18	
3	F2	leu	yfp0	NA	CTA	10,14	CTA10-14	2	ecMF87.2	yfp0_wt-initiation_CTA10-14	
3	F3	leu	yfp0	NA	CTA	10,18	CTA10-18	2	ecMF88.2	yfp0_wt-initiation_CTA10-18	
3	F4	leu	yfp0	NA	CTA	2,6	CTA2-6	2	ecMF89.2	yfp0_wt-initiation_CTA2-6	
3	F5	leu	yfp0	NA	CTA	14,18	CTA14-18	2	ecMF90.2	yfp0_wt-initiation_CTA14-18	
3	F6	leu	yfp0	NA	CTA	2,10	CTA2-10	2	ecMF91.2	yfp0_wt-initiation_CTA2-10	
3	F7	leu	yfp0	NA	CTA	6,10	CTA6-10	2	ecMF92.2	yfp0_wt-initiation_CTA6-10	
3	F8	leu	yfp0	NA	CTA	4,5,6,7,8,9,10	CTA4to10	2	ecMF112.2	yfp0_wt-initiation_CTA4to10	
3	F9	leu	yfp0	NA	CTA	6,10,14	CTA6-10-14	2	ecMF438.2	yfp0_wt-initiation_CTA6-10-14	
3	F10	leu	yfp0	NA	CTA	6,10,18	CTA6-10-18	2	ecMF439.2	yfp0_wt-initiation_CTA6-10-18	
3	F11	leu	yfp0	NA	CTA	6,10,14,18	CTA6-10-14-18	2	ecMF440.2	yfp0_wt-initiation_CTA6-10-14-18	
3	D2	leu	yfp0	NA	CTA	2	CTA2	3	ecMF62.3	yfp0_wt-initiation_CTA2	
3	D3	leu	yfp0	NA	CTA	6	CTA6	3	ecMF66.3	yfp0_wt-initiation_CTA6	
3	D4	leu	yfp0	NA	CTA	10	CTA10	3	ecMF68.3	yfp0_wt-initiation_CTA10	
3	D5	leu	yfp0	NA	CTA	14	CTA14	3	ecMF72.3	yfp0_wt-initiation_CTA14	
3	D6	leu	yfp0	NA	CTA	18	CTA18	3	ecMF74.3	yfp0_wt-initiation_CTA18	
3	D7	leu	yfp0	NA	NA	NA	wt	3	ecMF82.3	yfp0_wt-initiation_wt	
3	D8	leu	yfp0	NA	CTA	2,14	CTA2-14	3	ecMF83.3	yfp0_wt-initiation_CTA2-14	
3	D9	leu	yfp0	NA	CTA	2,18	CTA2-18	3	ecMF84.3	yfp0_wt-initiation_CTA2-18	
3	D10	leu	yfp0	NA	CTA	6,14	CTA6-14	3	ecMF85.3	yfp0_wt-initiation_CTA6-14	
3	D11	leu	yfp0	NA	CTA	6,18	CTA6-18	3	ecMF86.3	yfp0_wt-initiation_CTA6-18	
3	G2	leu	yfp0	NA	CTA	10,14	CTA10-14	3	ecMF87.3	yfp0_wt-initiation_CTA10-14	
3	G3	leu	yfp0	NA	CTA	10,18	CTA10-18	3	ecMF88.3	yfp0_wt-initiation_CTA10-18	
3	G4	leu	yfp0	NA	CTA	2,6	CTA2-6	3	ecMF89.3	yfp0_wt-initiation_CTA2-6	
3	G5	leu	yfp0	NA	CTA	14,18	CTA14-18	3	ecMF90.3	yfp0_wt-initiation_CTA14-18	
3	G6	leu	yfp0	NA	CTA	2,10	CTA2-10	3	ecMF91.3	yfp0_wt-initiation_CTA2-10	
3	G7	leu	yfp0	NA	CTA	6,10	CTA6-10	3	ecMF92.3	yfp0_wt-initiation_CTA6-10	
3	G8	leu	yfp0	NA	CTA	4,5,6,7,8,9,10	CTA4to10	3	ecMF112.3	yfp0_wt-initiation_CTA4to10	
3	G9	leu	yfp0	NA	CTA	6,10,14	CTA6-10-14	3	ecMF438.3	yfp0_wt-initiation_CTA6-10-14	
3	G10	leu	yfp0	NA	CTA	6,10,18	CTA6-10-18	3	ecMF439.3	yfp0_wt-initiation_CTA6-10-18	
3	G11	leu	yfp0	NA	CTA	6,10,14,18	CTA6-10-14-18	3	ecMF440.3	yfp0_wt-initiation_CTA6-10-14-18	
